-- Generated by migration-tools/users-sql.ts
-- Review before running on production.
-- App user PK column defaults to user_id; override with MIGRATION_APP_USER_ID_COLUMN in .env if needed.
-- user_team_client: table=public.user_team_client, client_id=bwa, user_role=player
-- user_team_client.user_id FK -> public."user"(<PK>), not auth.users; value = auth.users.id uuid.
-- app user: table=public."user", columns="user_id", "email", "full_name"
-- user_team_client: only id, user_id, client_id, user_role (no created_at — add via env if needed).

INSERT INTO auth.users (instance_id, id, aud, role, email, encrypted_password,
  email_confirmed_at, invited_at, confirmation_token, confirmation_sent_at, recovery_token, recovery_sent_at,
  email_change_token_new, email_change, email_change_sent_at, last_sign_in_at,
  raw_app_meta_data, raw_user_meta_data, is_super_admin, created_at, updated_at,
  phone, phone_confirmed_at, phone_change, phone_change_token, phone_change_sent_at,
  email_change_token_current, email_change_confirm_status, banned_until,
  reauthentication_token, reauthentication_sent_at, is_sso_user, deleted_at, is_anonymous)
VALUES ('00000000-0000-0000-0000-000000000000'::uuid, 'b972e0ab-990c-4743-b610-137538f70e53'::uuid, 'authenticated', 'authenticated',
  'adonias.neto@bwa.global', '$2b$10$8etPsZUoFWmyGaE2b2HYtO3UO.Yy5sfe1osJSlfGCGRor271rnebO', '2026-04-24T20:40:02.076Z'::timestamptz,
  NULL, '', NULL, '', NULL, '', '', NULL, NULL,
  '{"provider":"email","providers":["email"]}'::jsonb,
  '{"email_verified":true,"name":"ADONIAS DE MEDEIROS COSTA NETO","is_active":true}'::jsonb,
  NULL, '2026-04-24T20:40:02.076Z'::timestamptz, '2026-04-24T20:40:02.076Z'::timestamptz,
  NULL, NULL, '', '', NULL, '', 0, NULL, '', NULL, false, NULL, false);

INSERT INTO auth.identities (provider_id, user_id, identity_data, provider, last_sign_in_at, created_at, updated_at, id)
VALUES ('b972e0ab-990c-4743-b610-137538f70e53'::uuid, 'b972e0ab-990c-4743-b610-137538f70e53'::uuid,
  '{"sub":"b972e0ab-990c-4743-b610-137538f70e53","email":"adonias.neto@bwa.global","email_verified":true,"phone_verified":false,"name":"ADONIAS DE MEDEIROS COSTA NETO"}'::jsonb,
  'email', '2026-04-24T20:40:02.076Z'::timestamptz, '2026-04-24T20:40:02.076Z'::timestamptz, '2026-04-24T20:40:02.076Z'::timestamptz, 'c48800b7-92c0-4e01-864d-eb48887243e2'::uuid);

INSERT INTO public."user" ("user_id", "email", "full_name")
VALUES ('b972e0ab-990c-4743-b610-137538f70e53'::uuid, 'adonias.neto@bwa.global', 'ADONIAS DE MEDEIROS COSTA NETO');

INSERT INTO public.user_team_client (id, user_id, client_id, user_role)
VALUES (gen_random_uuid(), 'b972e0ab-990c-4743-b610-137538f70e53'::uuid, 'bwa', 'player');

INSERT INTO auth.users (instance_id, id, aud, role, email, encrypted_password,
  email_confirmed_at, invited_at, confirmation_token, confirmation_sent_at, recovery_token, recovery_sent_at,
  email_change_token_new, email_change, email_change_sent_at, last_sign_in_at,
  raw_app_meta_data, raw_user_meta_data, is_super_admin, created_at, updated_at,
  phone, phone_confirmed_at, phone_change, phone_change_token, phone_change_sent_at,
  email_change_token_current, email_change_confirm_status, banned_until,
  reauthentication_token, reauthentication_sent_at, is_sso_user, deleted_at, is_anonymous)
VALUES ('00000000-0000-0000-0000-000000000000'::uuid, '5460a808-e086-4c0b-868a-1e5c8cef9a50'::uuid, 'authenticated', 'authenticated',
  'adriane.meireles@bwa.global', '$2b$10$bpqTRVpO5zhfkoAbJbIBD.jMQHYl2wPxVz8PrX3f2/s9D.hvumfQK', '2026-04-24T20:40:02.139Z'::timestamptz,
  NULL, '', NULL, '', NULL, '', '', NULL, NULL,
  '{"provider":"email","providers":["email"]}'::jsonb,
  '{"email_verified":true,"name":"adriane.meireles","is_active":true}'::jsonb,
  NULL, '2026-04-24T20:40:02.139Z'::timestamptz, '2026-04-24T20:40:02.139Z'::timestamptz,
  NULL, NULL, '', '', NULL, '', 0, NULL, '', NULL, false, NULL, false);

INSERT INTO auth.identities (provider_id, user_id, identity_data, provider, last_sign_in_at, created_at, updated_at, id)
VALUES ('5460a808-e086-4c0b-868a-1e5c8cef9a50'::uuid, '5460a808-e086-4c0b-868a-1e5c8cef9a50'::uuid,
  '{"sub":"5460a808-e086-4c0b-868a-1e5c8cef9a50","email":"adriane.meireles@bwa.global","email_verified":true,"phone_verified":false,"name":"adriane.meireles"}'::jsonb,
  'email', '2026-04-24T20:40:02.139Z'::timestamptz, '2026-04-24T20:40:02.139Z'::timestamptz, '2026-04-24T20:40:02.139Z'::timestamptz, '5c8d6b13-2e51-4355-bc2e-8c5d18c4dc22'::uuid);

INSERT INTO public."user" ("user_id", "email", "full_name")
VALUES ('5460a808-e086-4c0b-868a-1e5c8cef9a50'::uuid, 'adriane.meireles@bwa.global', 'adriane.meireles');

INSERT INTO public.user_team_client (id, user_id, client_id, user_role)
VALUES (gen_random_uuid(), '5460a808-e086-4c0b-868a-1e5c8cef9a50'::uuid, 'bwa', 'player');

INSERT INTO auth.users (instance_id, id, aud, role, email, encrypted_password,
  email_confirmed_at, invited_at, confirmation_token, confirmation_sent_at, recovery_token, recovery_sent_at,
  email_change_token_new, email_change, email_change_sent_at, last_sign_in_at,
  raw_app_meta_data, raw_user_meta_data, is_super_admin, created_at, updated_at,
  phone, phone_confirmed_at, phone_change, phone_change_token, phone_change_sent_at,
  email_change_token_current, email_change_confirm_status, banned_until,
  reauthentication_token, reauthentication_sent_at, is_sso_user, deleted_at, is_anonymous)
VALUES ('00000000-0000-0000-0000-000000000000'::uuid, 'bfaa781a-06ea-4c73-82cd-0bc4adc7354a'::uuid, 'authenticated', 'authenticated',
  'adriano.lima@bwa.global', '$2b$10$KRYi9bwfAgnWPeWBTZTcou/j2jsLZz9iSB29X8eiYj4BD6zvMhnq6', '2026-04-24T20:40:02.204Z'::timestamptz,
  NULL, '', NULL, '', NULL, '', '', NULL, NULL,
  '{"provider":"email","providers":["email"]}'::jsonb,
  '{"email_verified":true,"name":"adriano.lima","is_active":true}'::jsonb,
  NULL, '2026-04-24T20:40:02.204Z'::timestamptz, '2026-04-24T20:40:02.204Z'::timestamptz,
  NULL, NULL, '', '', NULL, '', 0, NULL, '', NULL, false, NULL, false);

INSERT INTO auth.identities (provider_id, user_id, identity_data, provider, last_sign_in_at, created_at, updated_at, id)
VALUES ('bfaa781a-06ea-4c73-82cd-0bc4adc7354a'::uuid, 'bfaa781a-06ea-4c73-82cd-0bc4adc7354a'::uuid,
  '{"sub":"bfaa781a-06ea-4c73-82cd-0bc4adc7354a","email":"adriano.lima@bwa.global","email_verified":true,"phone_verified":false,"name":"adriano.lima"}'::jsonb,
  'email', '2026-04-24T20:40:02.204Z'::timestamptz, '2026-04-24T20:40:02.204Z'::timestamptz, '2026-04-24T20:40:02.204Z'::timestamptz, 'b40d45d8-ba92-439e-9895-144f2ba881b6'::uuid);

INSERT INTO public."user" ("user_id", "email", "full_name")
VALUES ('bfaa781a-06ea-4c73-82cd-0bc4adc7354a'::uuid, 'adriano.lima@bwa.global', 'adriano.lima');

INSERT INTO public.user_team_client (id, user_id, client_id, user_role)
VALUES (gen_random_uuid(), 'bfaa781a-06ea-4c73-82cd-0bc4adc7354a'::uuid, 'bwa', 'player');

INSERT INTO auth.users (instance_id, id, aud, role, email, encrypted_password,
  email_confirmed_at, invited_at, confirmation_token, confirmation_sent_at, recovery_token, recovery_sent_at,
  email_change_token_new, email_change, email_change_sent_at, last_sign_in_at,
  raw_app_meta_data, raw_user_meta_data, is_super_admin, created_at, updated_at,
  phone, phone_confirmed_at, phone_change, phone_change_token, phone_change_sent_at,
  email_change_token_current, email_change_confirm_status, banned_until,
  reauthentication_token, reauthentication_sent_at, is_sso_user, deleted_at, is_anonymous)
VALUES ('00000000-0000-0000-0000-000000000000'::uuid, '32e0ab10-ff35-4d72-ba79-a6138e776d59'::uuid, 'authenticated', 'authenticated',
  'adrianoroh123@gmail.com', '$2b$10$aM77RXCJgl/hABBfZTZI8.kpkiFiwRkia6o70Q7vTTwsao4/KBrz2', '2026-04-24T20:40:02.275Z'::timestamptz,
  NULL, '', NULL, '', NULL, '', '', NULL, NULL,
  '{"provider":"email","providers":["email"]}'::jsonb,
  '{"email_verified":true,"name":"adrianoroh123","is_active":true}'::jsonb,
  NULL, '2026-04-24T20:40:02.275Z'::timestamptz, '2026-04-24T20:40:02.275Z'::timestamptz,
  NULL, NULL, '', '', NULL, '', 0, NULL, '', NULL, false, NULL, false);

INSERT INTO auth.identities (provider_id, user_id, identity_data, provider, last_sign_in_at, created_at, updated_at, id)
VALUES ('32e0ab10-ff35-4d72-ba79-a6138e776d59'::uuid, '32e0ab10-ff35-4d72-ba79-a6138e776d59'::uuid,
  '{"sub":"32e0ab10-ff35-4d72-ba79-a6138e776d59","email":"adrianoroh123@gmail.com","email_verified":true,"phone_verified":false,"name":"adrianoroh123"}'::jsonb,
  'email', '2026-04-24T20:40:02.275Z'::timestamptz, '2026-04-24T20:40:02.275Z'::timestamptz, '2026-04-24T20:40:02.275Z'::timestamptz, '6b8ae481-a079-4f16-bb8d-956ea4b10f12'::uuid);

INSERT INTO public."user" ("user_id", "email", "full_name")
VALUES ('32e0ab10-ff35-4d72-ba79-a6138e776d59'::uuid, 'adrianoroh123@gmail.com', 'adrianoroh123');

INSERT INTO public.user_team_client (id, user_id, client_id, user_role)
VALUES (gen_random_uuid(), '32e0ab10-ff35-4d72-ba79-a6138e776d59'::uuid, 'bwa', 'player');

INSERT INTO auth.users (instance_id, id, aud, role, email, encrypted_password,
  email_confirmed_at, invited_at, confirmation_token, confirmation_sent_at, recovery_token, recovery_sent_at,
  email_change_token_new, email_change, email_change_sent_at, last_sign_in_at,
  raw_app_meta_data, raw_user_meta_data, is_super_admin, created_at, updated_at,
  phone, phone_confirmed_at, phone_change, phone_change_token, phone_change_sent_at,
  email_change_token_current, email_change_confirm_status, banned_until,
  reauthentication_token, reauthentication_sent_at, is_sso_user, deleted_at, is_anonymous)
VALUES ('00000000-0000-0000-0000-000000000000'::uuid, '0371c176-fe2b-43ce-bffa-648de9beab41'::uuid, 'authenticated', 'authenticated',
  'adryel.stoffel@bwa.global', '$2b$10$Nbq9ew1MCXTFYzrBTaG/v.bvj9fkOYQcy.X2t/qZDCzup1lWzICXi', '2026-04-24T20:40:02.340Z'::timestamptz,
  NULL, '', NULL, '', NULL, '', '', NULL, NULL,
  '{"provider":"email","providers":["email"]}'::jsonb,
  '{"email_verified":true,"name":"ADRYEL OLIVEIRA STOFFEL","is_active":true}'::jsonb,
  NULL, '2026-04-24T20:40:02.340Z'::timestamptz, '2026-04-24T20:40:02.340Z'::timestamptz,
  NULL, NULL, '', '', NULL, '', 0, NULL, '', NULL, false, NULL, false);

INSERT INTO auth.identities (provider_id, user_id, identity_data, provider, last_sign_in_at, created_at, updated_at, id)
VALUES ('0371c176-fe2b-43ce-bffa-648de9beab41'::uuid, '0371c176-fe2b-43ce-bffa-648de9beab41'::uuid,
  '{"sub":"0371c176-fe2b-43ce-bffa-648de9beab41","email":"adryel.stoffel@bwa.global","email_verified":true,"phone_verified":false,"name":"ADRYEL OLIVEIRA STOFFEL"}'::jsonb,
  'email', '2026-04-24T20:40:02.340Z'::timestamptz, '2026-04-24T20:40:02.340Z'::timestamptz, '2026-04-24T20:40:02.340Z'::timestamptz, 'e1b8b183-2f2b-4fde-a8a4-bc3827b88b9b'::uuid);

INSERT INTO public."user" ("user_id", "email", "full_name")
VALUES ('0371c176-fe2b-43ce-bffa-648de9beab41'::uuid, 'adryel.stoffel@bwa.global', 'ADRYEL OLIVEIRA STOFFEL');

INSERT INTO public.user_team_client (id, user_id, client_id, user_role)
VALUES (gen_random_uuid(), '0371c176-fe2b-43ce-bffa-648de9beab41'::uuid, 'bwa', 'player');
